id;start_date;end_date;language
1;2023-08-22T07:45:40;2023-08-22T18:18:07;SPANISH
2;2023-08-22T20:11:10;2023-08-22T13:37:33;FRENCH
3;2023-08-21T23:16:40;2023-08-22T15:01:45;SPANISH
4;2023-08-22T13:19:15;2023-08-22T18:07:31;ENGLISH
5;2023-08-22T05:17:14;2023-08-22T16:30:13;SPANISH
6;2023-08-22T18:23:11;2023-08-22T07:10:55;FRENCH
7;2023-08-21T22:38:55;2023-08-22T19:53:18;FRENCH
8;2023-08-22T20:14:32;2023-08-21T22:31:43;ENGLISH
9;2023-08-22T19:34:53;2023-08-22T12:41:25;SPANISH
10;2023-08-22T09:35:22;2023-08-22T08:14:05;ENGLISH
